seller_id,seller_name,seller_city,seller_state,seller_region,seller_since_year
SEL0001,Seller_0001,Bengaluru,Rj,West,2019
SEL0002,Seller_0002,Nagpur,Mh,Central,2017
SEL0003,Seller_0003,Coimbatore,Ka,East,2015
SEL0004,Seller_0004,Kolkata,Dl,South,2020
SEL0005,Seller_0005,Delhi,Mp,West,2017
SEL0006,Seller_0006,Bhopal,Mh,North,2020
SEL0007,Seller_0007,Ahmedabad,Tn,South,2021
SEL0008,Seller_0008,Kochi,Gj,West,2023
SEL0009,Seller_0009,Surat,Wb,West,2019
SEL0010,Seller_0010,Nagpur,Rj,North,2015
SEL0011,Seller_0011,Nagpur,Up,East,2017
SEL0012,Seller_0012,Hyderabad,Tn,South,2023
SEL0013,Seller_0013,Kolkata,Mp,East,2020
SEL0014,Seller_0014,Ahmedabad,Ts,Central,2021
SEL0015,Seller_0015,Ahmedabad,Kl,North,2019
SEL0016,Seller_0016,Mumbai,Wb,Central,2016
SEL0017,Seller_0017,Jaipur,Up,East,2023
SEL0018,Seller_0018,Bengaluru,Mp,West,2022
SEL0019,Seller_0019,Coimbatore,Up,East,2024
SEL0020,Seller_0020,Surat,Mp,South,2023
SEL0021,Seller_0021,Kochi,Wb,West,2017
SEL0022,Seller_0022,Coimbatore,Mh,West,2017
SEL0023,Seller_0023,Kolkata,Wb,North,2017
SEL0024,Seller_0024,Bhopal,Dl,West,2024
SEL0025,Seller_0025,Pune,Mp,West,2020
SEL0026,Seller_0026,Kolkata,Ka,South,2019
SEL0027,Seller_0027,Kochi,Ka,Central,2024
SEL0028,Seller_0028,Kolkata,Ka,West,2021
SEL0029,Seller_0029,Delhi,Rj,South,2024
SEL0030,Seller_0030,Ahmedabad,Gj,North,2024
SEL0031,Seller_0031,Nagpur,Kl,West,2015
SEL0032,Seller_0032,Hyderabad,Tn,South,2018
SEL0033,Seller_0033,Ahmedabad,Ts,West,2022
SEL0034,Seller_0034,Bengaluru,Mh,East,2023
SEL0035,Seller_0035,Surat,Mh,East,2016
SEL0036,Seller_0036,Ahmedabad,Tn,North,2018
SEL0037,Seller_0037,Kolkata,Kl,West,2020
SEL0038,Seller_0038,Hyderabad,Wb,North,2022
SEL0039,Seller_0039,Lucknow,Mp,East,2016
SEL0040,Seller_0040,Surat,Dl,Central,2021
SEL0041,Seller_0041,Bhopal,Dl,Central,2017
SEL0042,Seller_0042,Pune,Mp,Central,2017
SEL0043,Seller_0043,Bengaluru,Dl,Central,2020
SEL0044,Seller_0044,Indore,Mh,East,2019
SEL0045,Seller_0045,Surat,Tn,South,2021
SEL0046,Seller_0046,Coimbatore,Kl,Central,2018
SEL0047,Seller_0047,Delhi,Rj,Central,2023
SEL0048,Seller_0048,Chennai,Dl,Central,2015
SEL0049,Seller_0049,Nagpur,Mp,West,2023
SEL0050,Seller_0050,Indore,Mp,North,2015
SEL0051,Seller_0051,Pune,Up,East,2022
SEL0052,Seller_0052,Nagpur,Mp,East,2018
SEL0053,Seller_0053,Indore,Ka,Central,2018
SEL0054,Seller_0054,Pune,Kl,South,2015
SEL0055,Seller_0055,Kochi,Ts,South,2022
SEL0056,Seller_0056,Chennai,Up,North,2016
SEL0057,Seller_0057,Hyderabad,Gj,Central,2021
SEL0058,Seller_0058,Surat,Up,West,2022
SEL0059,Seller_0059,Surat,Gj,North,2023
SEL0060,Seller_0060,Bengaluru,Rj,East,2022
SEL0061,Seller_0061,Indore,Gj,East,2018
SEL0062,Seller_0062,Hyderabad,Up,East,2022
SEL0063,Seller_0063,Nagpur,Up,Central,2023
SEL0064,Seller_0064,Mumbai,Dl,North,2018
SEL0065,Seller_0065,Nagpur,Mp,South,2016
SEL0066,Seller_0066,Nagpur,Wb,North,2023
SEL0067,Seller_0067,Nagpur,Ts,South,2016
SEL0068,Seller_0068,Surat,Wb,Central,2020
SEL0069,Seller_0069,Ahmedabad,Kl,Central,2017
SEL0070,Seller_0070,Coimbatore,Mp,North,2016
SEL0071,Seller_0071,Chennai,Mp,West,2022
SEL0072,Seller_0072,Nagpur,Wb,South,2016
SEL0073,Seller_0073,Jaipur,Up,North,2021
SEL0074,Seller_0074,Ahmedabad,Tn,South,2021
SEL0075,Seller_0075,Jaipur,Rj,North,2015
SEL0076,Seller_0076,Lucknow,Rj,East,2016
SEL0077,Seller_0077,Mumbai,Ka,Central,2022
SEL0078,Seller_0078,Bengaluru,Ka,East,2020
SEL0079,Seller_0079,Hyderabad,Mh,West,2016
SEL0080,Seller_0080,Delhi,Dl,East,2024
SEL0081,Seller_0081,Ahmedabad,Tn,North,2017
SEL0082,Seller_0082,Surat,Wb,North,2015
SEL0083,Seller_0083,Surat,Dl,South,2024
SEL0084,Seller_0084,Ahmedabad,Tn,South,2015
SEL0085,Seller_0085,Indore,Gj,Central,2020
SEL0086,Seller_0086,Lucknow,Ka,Central,2024
SEL0087,Seller_0087,Delhi,Ts,Central,2020
SEL0088,Seller_0088,Nagpur,Tn,West,2020
SEL0089,Seller_0089,Lucknow,Wb,East,2018
SEL0090,Seller_0090,Surat,Tn,West,2016
SEL0091,Seller_0091,Lucknow,Up,East,2020
SEL0092,Seller_0092,Jaipur,Ts,West,2023
SEL0093,Seller_0093,Delhi,Tn,West,2015
SEL0094,Seller_0094,Jaipur,Tn,West,2023
SEL0095,Seller_0095,Nagpur,Ka,West,2019
SEL0096,Seller_0096,Chennai,Rj,North,2020
SEL0097,Seller_0097,Lucknow,Ka,West,2016
SEL0098,Seller_0098,Mumbai,Ts,South,2021
SEL0099,Seller_0099,Kolkata,Up,West,2016
SEL0100,Seller_0100,Pune,Kl,East,2017
SEL0101,Seller_0101,Bhopal,Rj,Central,2022
SEL0102,Seller_0102,Hyderabad,Kl,South,2015
SEL0103,Seller_0103,Chennai,Mp,Central,2019
SEL0104,Seller_0104,Pune,Wb,Central,2020
SEL0105,Seller_0105,Bhopal,Up,South,2016
SEL0106,Seller_0106,Indore,Ts,East,2017
SEL0107,Seller_0107,Mumbai,Wb,East,2018
SEL0108,Seller_0108,Hyderabad,Wb,West,2021
SEL0109,Seller_0109,Indore,Kl,West,2024
SEL0110,Seller_0110,Mumbai,Mp,Central,2023
SEL0111,Seller_0111,Indore,Wb,South,2016
SEL0112,Seller_0112,Chennai,Rj,East,2015
SEL0113,Seller_0113,Kochi,Ka,East,2015
SEL0114,Seller_0114,Chennai,Up,Central,2020
SEL0115,Seller_0115,Pune,Gj,South,2016
SEL0116,Seller_0116,Surat,Wb,East,2017
SEL0117,Seller_0117,Bengaluru,Up,North,2023
SEL0118,Seller_0118,Jaipur,Gj,Central,2023
SEL0119,Seller_0119,Jaipur,Mh,South,2023
SEL0120,Seller_0120,Nagpur,Ts,South,2017
SEL0121,Seller_0121,Bhopal,Dl,East,2021
SEL0122,Seller_0122,Surat,Up,East,2021
SEL0123,Seller_0123,Pune,Mh,Central,2016
SEL0124,Seller_0124,Pune,Ka,East,2020
SEL0125,Seller_0125,Pune,Gj,East,2020
SEL0126,Seller_0126,Indore,Rj,North,2018
SEL0127,Seller_0127,Kolkata,Wb,North,2022
SEL0128,Seller_0128,Bengaluru,Mp,South,2021
SEL0129,Seller_0129,Kolkata,Kl,Central,2020
SEL0130,Seller_0130,Mumbai,Dl,Central,2022
SEL0131,Seller_0131,Delhi,Kl,West,2022
SEL0132,Seller_0132,Delhi,Gj,West,2020
SEL0133,Seller_0133,Nagpur,Gj,South,2017
SEL0134,Seller_0134,Coimbatore,Dl,North,2022
SEL0135,Seller_0135,Coimbatore,Gj,North,2022
SEL0136,Seller_0136,Ahmedabad,Rj,South,2024
SEL0137,Seller_0137,Coimbatore,Gj,South,2016
SEL0138,Seller_0138,Bengaluru,Mh,North,2019
SEL0139,Seller_0139,Kochi,Wb,South,2024
SEL0140,Seller_0140,Jaipur,Kl,North,2020
SEL0141,Seller_0141,Bhopal,Rj,West,2024
SEL0142,Seller_0142,Bengaluru,Dl,Central,2015
SEL0143,Seller_0143,Ahmedabad,Kl,West,2015
SEL0144,Seller_0144,Coimbatore,Kl,East,2022
SEL0145,Seller_0145,Ahmedabad,Dl,East,2018
SEL0146,Seller_0146,Ahmedabad,Up,South,2020
SEL0147,Seller_0147,Bengaluru,Tn,North,2019
SEL0148,Seller_0148,Pune,Gj,East,2019
SEL0149,Seller_0149,Hyderabad,Tn,East,2024
SEL0150,Seller_0150,Chennai,Up,North,2015
SEL0151,Seller_0151,Surat,Kl,East,2022
SEL0152,Seller_0152,Surat,Up,South,2023
SEL0153,Seller_0153,Lucknow,Kl,North,2021
SEL0154,Seller_0154,Kolkata,Kl,West,2018
SEL0155,Seller_0155,Bhopal,Mh,East,2016
SEL0156,Seller_0156,Delhi,Ka,West,2021
SEL0157,Seller_0157,Kolkata,Rj,West,2019
SEL0158,Seller_0158,Delhi,Gj,Central,2016
SEL0159,Seller_0159,Kolkata,Mh,Central,2018
SEL0160,Seller_0160,Bhopal,Dl,West,2024
SEL0161,Seller_0161,Kolkata,Wb,Central,2017
SEL0162,Seller_0162,Kochi,Gj,East,2016
SEL0163,Seller_0163,Ahmedabad,Dl,Central,2021
SEL0164,Seller_0164,Coimbatore,Dl,West,2016
SEL0165,Seller_0165,Ahmedabad,Dl,West,2024
SEL0166,Seller_0166,Chennai,Gj,Central,2023
SEL0167,Seller_0167,Nagpur,Mh,East,2024
SEL0168,Seller_0168,Bhopal,Gj,West,2024
SEL0169,Seller_0169,Chennai,Wb,South,2017
SEL0170,Seller_0170,Nagpur,Wb,Central,2017
SEL0171,Seller_0171,Chennai,Rj,West,2018
SEL0172,Seller_0172,Coimbatore,Wb,West,2019
SEL0173,Seller_0173,Nagpur,Up,East,2023
SEL0174,Seller_0174,Ahmedabad,Up,Central,2022
SEL0175,Seller_0175,Coimbatore,Kl,North,2021
SEL0176,Seller_0176,Chennai,Up,North,2023
SEL0177,Seller_0177,Delhi,Wb,East,2021
SEL0178,Seller_0178,Delhi,Wb,West,2018
SEL0179,Seller_0179,Ahmedabad,Ka,Central,2019
SEL0180,Seller_0180,Kochi,Gj,East,2020
SEL0181,Seller_0181,Bengaluru,Dl,West,2015
SEL0182,Seller_0182,Ahmedabad,Kl,East,2022
SEL0183,Seller_0183,Coimbatore,Mp,Central,2021
SEL0184,Seller_0184,Hyderabad,Dl,West,2022
SEL0185,Seller_0185,Coimbatore,Up,East,2020
SEL0186,Seller_0186,Chennai,Dl,Central,2022
SEL0187,Seller_0187,Nagpur,Rj,North,2024
SEL0188,Seller_0188,Lucknow,Mh,Central,2020
SEL0189,Seller_0189,Jaipur,Wb,North,2019
SEL0190,Seller_0190,Bengaluru,Rj,South,2016
SEL0191,Seller_0191,Ahmedabad,Up,Central,2022
SEL0192,Seller_0192,Indore,Tn,West,2024
SEL0193,Seller_0193,Mumbai,Kl,Central,2021
SEL0194,Seller_0194,Nagpur,Up,West,2023
SEL0195,Seller_0195,Ahmedabad,Ka,West,2023
SEL0196,Seller_0196,Coimbatore,Rj,South,2022
SEL0197,Seller_0197,Surat,Up,North,2020
SEL0198,Seller_0198,Pune,Ts,North,2015
SEL0199,Seller_0199,Chennai,Up,South,2015
SEL0200,Seller_0200,Surat,Mp,North,2017
SEL0201,Seller_0201,Bengaluru,Up,East,2019
SEL0202,Seller_0202,Lucknow,Up,West,2022
SEL0203,Seller_0203,Delhi,Gj,Central,2019
SEL0204,Seller_0204,Surat,Ka,East,2015
SEL0205,Seller_0205,Surat,Up,Central,2017
SEL0206,Seller_0206,Delhi,Tn,Central,2024
SEL0207,Seller_0207,Nagpur,Wb,Central,2024
SEL0208,Seller_0208,Pune,Ts,East,2018
SEL0209,Seller_0209,Nagpur,Ts,South,2023
SEL0210,Seller_0210,Mumbai,Dl,Central,2022
SEL0211,Seller_0211,Bengaluru,Kl,South,2024
SEL0212,Seller_0212,Ahmedabad,Dl,East,2023
SEL0213,Seller_0213,Hyderabad,Mh,North,2021
SEL0214,Seller_0214,Kolkata,Kl,West,2018
SEL0215,Seller_0215,Surat,Gj,West,2021
SEL0216,Seller_0216,Bengaluru,Tn,North,2018
SEL0217,Seller_0217,Surat,Up,South,2018
SEL0218,Seller_0218,Delhi,Tn,East,2021
SEL0219,Seller_0219,Bengaluru,Dl,East,2020
SEL0220,Seller_0220,Lucknow,Up,Central,2020
SEL0221,Seller_0221,Nagpur,Dl,South,2018
SEL0222,Seller_0222,Bengaluru,Gj,Central,2019
SEL0223,Seller_0223,Chennai,Kl,East,2015
SEL0224,Seller_0224,Kochi,Kl,Central,2021
SEL0225,Seller_0225,Bhopal,Ts,South,2020
SEL0226,Seller_0226,Lucknow,Up,North,2024
SEL0227,Seller_0227,Ahmedabad,Gj,North,2020
SEL0228,Seller_0228,Kolkata,Wb,South,2019
SEL0229,Seller_0229,Lucknow,Dl,Central,2015
SEL0230,Seller_0230,Lucknow,Tn,North,2016
SEL0231,Seller_0231,Chennai,Rj,South,2018
SEL0232,Seller_0232,Mumbai,Kl,North,2018
SEL0233,Seller_0233,Bengaluru,Mh,Central,2018
SEL0234,Seller_0234,Bhopal,Rj,West,2018
SEL0235,Seller_0235,Pune,Mp,West,2022
SEL0236,Seller_0236,Ahmedabad,Kl,West,2016
SEL0237,Seller_0237,Ahmedabad,Tn,West,2018
SEL0238,Seller_0238,Nagpur,Dl,West,2016
SEL0239,Seller_0239,Delhi,Ka,North,2018
SEL0240,Seller_0240,Delhi,Mp,Central,2021
SEL0241,Seller_0241,Chennai,Mp,West,2015
SEL0242,Seller_0242,Ahmedabad,Rj,West,2018
SEL0243,Seller_0243,Surat,Dl,South,2015
SEL0244,Seller_0244,Ahmedabad,Dl,Central,2024
SEL0245,Seller_0245,Ahmedabad,Wb,South,2022
SEL0246,Seller_0246,Bhopal,Gj,North,2017
SEL0247,Seller_0247,Bengaluru,Mh,Central,2016
SEL0248,Seller_0248,Lucknow,Rj,South,2015
SEL0249,Seller_0249,Jaipur,Wb,North,2019
SEL0250,Seller_0250,Ahmedabad,Mh,West,2022
SEL0251,Seller_0251,Nagpur,Dl,South,2020
SEL0252,Seller_0252,Chennai,Tn,Central,2023
SEL0253,Seller_0253,Bhopal,Rj,East,2018
SEL0254,Seller_0254,Kolkata,Mp,North,2017
SEL0255,Seller_0255,Jaipur,Tn,Central,2019
SEL0256,Seller_0256,Jaipur,Ts,East,2017
SEL0257,Seller_0257,Indore,Kl,South,2024
SEL0258,Seller_0258,Ahmedabad,Wb,West,2016
SEL0259,Seller_0259,Chennai,Ts,East,2019
SEL0260,Seller_0260,Mumbai,Tn,North,2020
SEL0261,Seller_0261,Kolkata,Mh,West,2015
SEL0262,Seller_0262,Indore,Ts,East,2019
SEL0263,Seller_0263,Mumbai,Wb,West,2019
SEL0264,Seller_0264,Kochi,Kl,Central,2017
SEL0265,Seller_0265,Jaipur,Up,West,2016
SEL0266,Seller_0266,Bengaluru,Up,West,2015
SEL0267,Seller_0267,Chennai,Wb,South,2015
SEL0268,Seller_0268,Jaipur,Dl,South,2019
SEL0269,Seller_0269,Kolkata,Tn,East,2015
SEL0270,Seller_0270,Delhi,Kl,Central,2024
SEL0271,Seller_0271,Surat,Mh,East,2017
SEL0272,Seller_0272,Surat,Mp,South,2021
SEL0273,Seller_0273,Delhi,Rj,West,2021
SEL0274,Seller_0274,Chennai,Ts,Central,2019
SEL0275,Seller_0275,Hyderabad,Up,Central,2023
SEL0276,Seller_0276,Surat,Mp,South,2016
SEL0277,Seller_0277,Coimbatore,Mh,West,2017
SEL0278,Seller_0278,Coimbatore,Dl,East,2017
SEL0279,Seller_0279,Bhopal,Rj,East,2016
SEL0280,Seller_0280,Nagpur,Kl,South,2017
SEL0281,Seller_0281,Kolkata,Mh,North,2018
SEL0282,Seller_0282,Delhi,Rj,South,2022
SEL0283,Seller_0283,Lucknow,Dl,East,2018
SEL0284,Seller_0284,Kochi,Rj,Central,2023
SEL0285,Seller_0285,Bhopal,Gj,Central,2022
SEL0286,Seller_0286,Hyderabad,Mh,North,2024
SEL0287,Seller_0287,Hyderabad,Rj,West,2016
SEL0288,Seller_0288,Mumbai,Mp,North,2024
SEL0289,Seller_0289,Bengaluru,Mp,West,2021
SEL0290,Seller_0290,Jaipur,Mh,South,2024
SEL0291,Seller_0291,Jaipur,Ka,East,2018
SEL0292,Seller_0292,Kolkata,Ka,West,2024
SEL0293,Seller_0293,Chennai,Tn,East,2020
SEL0294,Seller_0294,Indore,Dl,Central,2015
SEL0295,Seller_0295,Ahmedabad,Mp,East,2019
SEL0296,Seller_0296,Nagpur,Up,Central,2016
SEL0297,Seller_0297,Bhopal,Up,West,2024
SEL0298,Seller_0298,Kolkata,Ka,South,2018
SEL0299,Seller_0299,Hyderabad,Mh,West,2017
SEL0300,Seller_0300,Bhopal,Kl,East,2020
SEL0301,Seller_0301,Surat,Ts,East,2019
SEL0302,Seller_0302,Chennai,Rj,North,2015
SEL0303,Seller_0303,Lucknow,Kl,North,2023
SEL0304,Seller_0304,Jaipur,Mh,East,2023
SEL0305,Seller_0305,Kochi,Mh,North,2022
SEL0306,Seller_0306,Chennai,Mh,Central,2021
SEL0307,Seller_0307,Bhopal,Dl,Central,2019
SEL0308,Seller_0308,Kochi,Mh,West,2020
SEL0309,Seller_0309,Bengaluru,Mp,West,2020
SEL0310,Seller_0310,Bengaluru,Gj,East,2016
SEL0311,Seller_0311,Jaipur,Kl,North,2015
SEL0312,Seller_0312,Mumbai,Up,South,2017
SEL0313,Seller_0313,Chennai,Kl,East,2019
SEL0314,Seller_0314,Pune,Ka,Central,2016
SEL0315,Seller_0315,Bhopal,Ts,South,2016
SEL0316,Seller_0316,Bhopal,Mp,East,2023
SEL0317,Seller_0317,Bengaluru,Ka,South,2018
SEL0318,Seller_0318,Kochi,Mh,North,2020
SEL0319,Seller_0319,Delhi,Rj,North,2020
SEL0320,Seller_0320,Coimbatore,Up,South,2022
SEL0321,Seller_0321,Indore,Kl,North,2022
SEL0322,Seller_0322,Kochi,Kl,North,2017
SEL0323,Seller_0323,Hyderabad,Dl,South,2023
SEL0324,Seller_0324,Kochi,Up,South,2018
SEL0325,Seller_0325,Delhi,Mp,East,2023
SEL0326,Seller_0326,Jaipur,Rj,North,2019
SEL0327,Seller_0327,Ahmedabad,Mp,South,2016
SEL0328,Seller_0328,Kolkata,Mp,East,2022
SEL0329,Seller_0329,Mumbai,Tn,Central,2015
SEL0330,Seller_0330,Nagpur,Mh,West,2022
SEL0331,Seller_0331,Kolkata,Wb,Central,2015
SEL0332,Seller_0332,Surat,Ka,South,2017
SEL0333,Seller_0333,Pune,Dl,East,2021
SEL0334,Seller_0334,Kolkata,Dl,East,2024
SEL0335,Seller_0335,Kochi,Rj,Central,2019
SEL0336,Seller_0336,Delhi,Wb,Central,2016
SEL0337,Seller_0337,Coimbatore,Wb,Central,2017
SEL0338,Seller_0338,Coimbatore,Up,West,2023
SEL0339,Seller_0339,Pune,Gj,East,2022
SEL0340,Seller_0340,Chennai,Gj,East,2016
SEL0341,Seller_0341,Mumbai,Mh,Central,2018
SEL0342,Seller_0342,Kochi,Mp,South,2017
SEL0343,Seller_0343,Bhopal,Tn,South,2016
SEL0344,Seller_0344,Hyderabad,Dl,Central,2023
SEL0345,Seller_0345,Mumbai,Up,South,2021
SEL0346,Seller_0346,Delhi,Up,South,2016
SEL0347,Seller_0347,Delhi,Mh,East,2021
SEL0348,Seller_0348,Indore,Ka,South,2019
SEL0349,Seller_0349,Kochi,Mh,Central,2015
SEL0350,Seller_0350,Bengaluru,Ka,Central,2019
SEL0351,Seller_0351,Coimbatore,Dl,South,2016
SEL0352,Seller_0352,Bengaluru,Rj,East,2017
SEL0353,Seller_0353,Kolkata,Wb,Central,2023
SEL0354,Seller_0354,Lucknow,Kl,West,2022
SEL0355,Seller_0355,Coimbatore,Up,South,2016
SEL0356,Seller_0356,Indore,Gj,East,2023
SEL0357,Seller_0357,Mumbai,Wb,West,2020
SEL0358,Seller_0358,Hyderabad,Mh,West,2023
SEL0359,Seller_0359,Chennai,Mh,North,2022
SEL0360,Seller_0360,Chennai,Gj,South,2018
SEL0361,Seller_0361,Bhopal,Mh,Central,2020
SEL0362,Seller_0362,Nagpur,Mh,South,2020
SEL0363,Seller_0363,Kolkata,Ka,South,2022
SEL0364,Seller_0364,Bhopal,Mp,South,2017
SEL0365,Seller_0365,Ahmedabad,Wb,North,2018
SEL0366,Seller_0366,Jaipur,Rj,North,2017
SEL0367,Seller_0367,Pune,Tn,South,2017
SEL0368,Seller_0368,Bengaluru,Dl,Central,2016
SEL0369,Seller_0369,Kochi,Tn,North,2015
SEL0370,Seller_0370,Mumbai,Dl,South,2024
SEL0371,Seller_0371,Bengaluru,Up,North,2015
SEL0372,Seller_0372,Hyderabad,Ka,East,2023
SEL0373,Seller_0373,Chennai,Tn,South,2015
SEL0374,Seller_0374,Bengaluru,Kl,West,2022
SEL0375,Seller_0375,Mumbai,Gj,East,2018
SEL0376,Seller_0376,Surat,Wb,West,2020
SEL0377,Seller_0377,Bhopal,Wb,West,2017
SEL0378,Seller_0378,Delhi,Up,East,2019
SEL0379,Seller_0379,Chennai,Ka,Central,2019
SEL0380,Seller_0380,Jaipur,Rj,East,2020
SEL0381,Seller_0381,Kochi,Mp,Central,2018
SEL0382,Seller_0382,Coimbatore,Gj,Central,2020
SEL0383,Seller_0383,Nagpur,Tn,East,2023
SEL0384,Seller_0384,Lucknow,Dl,West,2019
SEL0385,Seller_0385,Pune,Ka,South,2018
SEL0386,Seller_0386,Hyderabad,Kl,Central,2016
SEL0387,Seller_0387,Indore,Wb,West,2018
SEL0388,Seller_0388,Nagpur,Ts,Central,2016
SEL0389,Seller_0389,Mumbai,Tn,South,2016
SEL0390,Seller_0390,Coimbatore,Gj,West,2024
SEL0391,Seller_0391,Delhi,Wb,East,2015
SEL0392,Seller_0392,Coimbatore,Rj,North,2019
SEL0393,Seller_0393,Indore,Ka,North,2023
SEL0394,Seller_0394,Bengaluru,Rj,East,2024
SEL0395,Seller_0395,Pune,Tn,South,2016
SEL0396,Seller_0396,Delhi,Kl,North,2016
SEL0397,Seller_0397,Lucknow,Dl,East,2018
SEL0398,Seller_0398,Kochi,Dl,West,2020
SEL0399,Seller_0399,Delhi,Wb,South,2024
SEL0400,Seller_0400,Pune,Wb,Central,2017
SEL0401,Seller_0401,Bhopal,Rj,West,2016
SEL0402,Seller_0402,Chennai,Tn,East,2017
SEL0403,Seller_0403,Bengaluru,Kl,Central,2023
SEL0404,Seller_0404,Ahmedabad,Wb,East,2015
SEL0405,Seller_0405,Jaipur,Dl,North,2018
SEL0406,Seller_0406,Surat,Dl,North,2016
SEL0407,Seller_0407,Kolkata,Kl,Central,2016
SEL0408,Seller_0408,Bhopal,Dl,Central,2024
SEL0409,Seller_0409,Jaipur,Kl,West,2015
SEL0410,Seller_0410,Chennai,Ts,North,2018
SEL0411,Seller_0411,Bhopal,Dl,South,2024
SEL0412,Seller_0412,Kochi,Ts,North,2021
SEL0413,Seller_0413,Ahmedabad,Gj,North,2015
SEL0414,Seller_0414,Mumbai,Tn,South,2019
SEL0415,Seller_0415,Lucknow,Up,East,2024
SEL0416,Seller_0416,Jaipur,Gj,North,2019
SEL0417,Seller_0417,Bengaluru,Tn,Central,2020
SEL0418,Seller_0418,Surat,Gj,East,2020
SEL0419,Seller_0419,Indore,Kl,South,2021
SEL0420,Seller_0420,Delhi,Tn,East,2016
SEL0421,Seller_0421,Coimbatore,Dl,West,2023
SEL0422,Seller_0422,Bengaluru,Tn,South,2024
SEL0423,Seller_0423,Coimbatore,Mp,North,2016
SEL0424,Seller_0424,Pune,Ka,North,2023
SEL0425,Seller_0425,Mumbai,Kl,Central,2023
SEL0426,Seller_0426,Bhopal,Gj,North,2022
SEL0427,Seller_0427,Bengaluru,Gj,West,2018
SEL0428,Seller_0428,Lucknow,Ts,South,2019
SEL0429,Seller_0429,Bengaluru,Kl,West,2023
SEL0430,Seller_0430,Kochi,Mh,North,2016
SEL0431,Seller_0431,Coimbatore,Ts,Central,2023
SEL0432,Seller_0432,Nagpur,Tn,West,2024
SEL0433,Seller_0433,Pune,Wb,East,2021
SEL0434,Seller_0434,Ahmedabad,Wb,South,2018
SEL0435,Seller_0435,Surat,Dl,Central,2020
SEL0436,Seller_0436,Nagpur,Ka,South,2015
SEL0437,Seller_0437,Indore,Dl,East,2024
SEL0438,Seller_0438,Mumbai,Gj,South,2018
SEL0439,Seller_0439,Surat,Ts,South,2015
SEL0440,Seller_0440,Delhi,Gj,East,2022
SEL0441,Seller_0441,Chennai,Gj,North,2021
SEL0442,Seller_0442,Indore,Rj,North,2021
SEL0443,Seller_0443,Chennai,Gj,South,2015
SEL0444,Seller_0444,Nagpur,Rj,North,2022
SEL0445,Seller_0445,Ahmedabad,Gj,East,2021
SEL0446,Seller_0446,Hyderabad,Rj,Central,2022
SEL0447,Seller_0447,Kolkata,Gj,North,2023
SEL0448,Seller_0448,Jaipur,Ts,North,2017
SEL0449,Seller_0449,Nagpur,Ka,North,2017
SEL0450,Seller_0450,Lucknow,Up,East,2024
SEL0451,Seller_0451,Kochi,Ts,South,2020
SEL0452,Seller_0452,Indore,Gj,East,2019
SEL0453,Seller_0453,Nagpur,Ka,North,2017
SEL0454,Seller_0454,Lucknow,Tn,South,2021
SEL0455,Seller_0455,Chennai,Wb,East,2022
SEL0456,Seller_0456,Pune,Gj,East,2015
SEL0457,Seller_0457,Delhi,Wb,East,2020
SEL0458,Seller_0458,Kolkata,Ts,West,2024
SEL0459,Seller_0459,Kochi,Kl,East,2017
SEL0460,Seller_0460,Pune,Wb,Central,2017
SEL0461,Seller_0461,Delhi,Up,East,2023
SEL0462,Seller_0462,Surat,Up,South,2015
SEL0463,Seller_0463,Bhopal,Gj,South,2018
SEL0464,Seller_0464,Indore,Mp,South,2019
SEL0465,Seller_0465,Chennai,Dl,East,2022
SEL0466,Seller_0466,Ahmedabad,Kl,South,2016
SEL0467,Seller_0467,Jaipur,Mp,Central,2019
SEL0468,Seller_0468,Hyderabad,Wb,East,2016
SEL0469,Seller_0469,Chennai,Up,Central,2022
SEL0470,Seller_0470,Hyderabad,Wb,West,2021
SEL0471,Seller_0471,Bhopal,Ka,South,2019
SEL0472,Seller_0472,Coimbatore,Up,South,2018
SEL0473,Seller_0473,Indore,Ka,West,2016
SEL0474,Seller_0474,Indore,Ts,South,2024
SEL0475,Seller_0475,Bhopal,Wb,South,2021
SEL0476,Seller_0476,Delhi,Mp,Central,2018
SEL0477,Seller_0477,Kochi,Tn,East,2019
SEL0478,Seller_0478,Delhi,Wb,North,2022
SEL0479,Seller_0479,Ahmedabad,Mh,East,2022
SEL0480,Seller_0480,Lucknow,Dl,East,2019
SEL0481,Seller_0481,Kolkata,Mh,Central,2018
SEL0482,Seller_0482,Bengaluru,Mh,West,2021
SEL0483,Seller_0483,Hyderabad,Mp,North,2021
SEL0484,Seller_0484,Indore,Mp,North,2020
SEL0485,Seller_0485,Kolkata,Mp,West,2015
SEL0486,Seller_0486,Chennai,Mh,North,2019
SEL0487,Seller_0487,Kochi,Mh,South,2021
SEL0488,Seller_0488,Bengaluru,Ts,North,2024
SEL0489,Seller_0489,Kochi,Gj,North,2020
SEL0490,Seller_0490,Kochi,Ts,Central,2018
SEL0491,Seller_0491,Lucknow,Wb,North,2020
SEL0492,Seller_0492,Bengaluru,Dl,North,2016
SEL0493,Seller_0493,Bengaluru,Up,Central,2015
SEL0494,Seller_0494,Chennai,Ts,North,2021
SEL0495,Seller_0495,Lucknow,Mh,Central,2024
SEL0496,Seller_0496,Bengaluru,Up,North,2023
SEL0497,Seller_0497,Ahmedabad,Mp,North,2020
SEL0498,Seller_0498,Delhi,Mh,North,2015
SEL0499,Seller_0499,Jaipur,Tn,West,2024
SEL0500,Seller_0500,Mumbai,Mp,West,2019
